"AssetClass","Symbol","Strike","Expiry","Put/Call","TradeID","Date/Time","ReportDate","TradeDate","Buy/Sell","Quantity","Price","Amount","NetCash","Commission"
"STK","MSFT","","","","","","MULTI","MULTI","BUY","70","399.762","27983.34","-27986.34","-3"
"STK","MSFT","","","","","20260205;093800","20260205","20260205","BUY","20","404.55","8091","-8092","-1"
"STK","MSFT","","","","8957074408","20260205;093800","20260205","20260205","BUY","20","404.55","8091","-8092","-1"
"STK","MSFT","","","","","20260218;093000","20260218","20260218","BUY","25","398.0336","9950.84","-9951.84","-1"
"STK","MSFT","","","","9024411764","20260218;093000","20260218","20260218","BUY","14","398.06","5572.84","-5573.84","-1"
"STK","MSFT","","","","9024411784","20260218;093000","20260218","20260218","BUY","10","398","3980","-3980","0"
"STK","MSFT","","","","9024411925","20260218;093000","20260218","20260218","BUY","1","398","398","-398","0"
"STK","MSFT","","","","","20260220;102217","20260220","20260220","BUY","25","397.66","9941.5","-9942.5","-1"
"STK","MSFT","","","","9038224223","20260220;102217","20260220","20260220","BUY","25","397.66","9941.5","-9942.5","-1"
"STK","MSFT","","","","","","MULTI","MULTI","SELL","-45","399.155331111","-17961.9899","17959.981125","-2.008775"
"STK","MSFT","","","","","20260205;132744","20260205","20260205","SELL","-20","401.461995","-8029.2399","8028.236","-1.0039"
"STK","MSFT","","","","8962549287","20260205;132744","20260205","20260205","SELL","-13","401.4628","-5219.0164","5218.013865","-1.002535"
"STK","MSFT","","","","8962549323","20260205;132744","20260205","20260205","SELL","-7","401.4605","-2810.2235","2810.222135","-0.001365"
"STK","MSFT","","","","","20260220;101521","20260220","20260220","SELL","-25","397.31","-9932.75","9931.745125","-1.004875"
"STK","MSFT","","","","9038042953","20260220;101521","20260220","20260220","SELL","-25","397.31","-9932.75","9931.745125","-1.004875"
"STK","SPY","","","","","","MULTI","MULTI","BUY","2200","689.511779545","1516925.915","-1516949.915","-24"
"STK","SPY","","","","","20260102;111541","20260102","20260102","BUY","100","682.21","68221","-68222","-1"
"STK","SPY","","","","8761124924","20260102;111541","20260102","20260102","BUY","100","682.21","68221","-68222","-1"
"STK","SPY","","","","","20260105;093633","20260105","20260105","BUY","100","686.798","68679.8","-68680.8","-1"
"STK","SPY","","","","8766537646","20260105;093633","20260105","20260105","BUY","100","686.798","68679.8","-68680.8","-1"
"STK","SPY","","","","","20260105;102805","20260105","20260105","BUY","100","688.4687","68846.87","-68847.87","-1"
"STK","SPY","","","","8768591425","20260105;102805","20260105","20260105","BUY","100","688.4687","68846.87","-68847.87","-1"
"STK","SPY","","","","","20260107;103434","20260107","20260107","BUY","100","692.04","69204","-69205","-1"
"STK","SPY","","","","8783851848","20260107;103434","20260107","20260107","BUY","100","692.04","69204","-69205","-1"
"STK","SPY","","","","","20260107;105600","20260107","20260107","BUY","100","692.47","69247","-69248","-1"
"STK","SPY","","","","8784246718","20260107;105600","20260107","20260107","BUY","41","692.47","28391.27","-28392.27","-1"
"STK","SPY","","","","8784246953","20260107;105600","20260107","20260107","BUY","59","692.47","40855.73","-40855.73","0"
"STK","SPY","","","","","20260107;120254","20260107","20260107","BUY","100","693.57","69357","-69358","-1"
"STK","SPY","","","","8785078456","20260107;120254","20260107","20260107","BUY","100","693.57","69357","-69358","-1"
"STK","SPY","","","","","20260108;125208","20260108","20260108","BUY","100","690.5","69050","-69051","-1"
"STK","SPY","","","","8792727702","20260108;125208","20260108","20260108","BUY","100","690.5","69050","-69051","-1"
"STK","SPY","","","","","20260112;093319","20260112","20260112","BUY","100","691.8177","69181.77","-69182.77","-1"
"STK","SPY","","","","8803571859","20260112;093319","20260112","20260112","BUY","50","691.818","34590.9","-34591.9","-1"
"STK","SPY","","","","8803708388","20260112;093319","20260112","20260112","BUY","50","691.8174","34590.87","-34590.87","0"
"STK","SPY","","","","","20260113;110905","20260113","20260113","BUY","100","693.83","69383","-69384","-1"
"STK","SPY","","","","8813941957","20260113;110905","20260113","20260113","BUY","100","693.83","69383","-69384","-1"
"STK","SPY","","","","","20260114;093307","20260114","20260114","BUY","100","690.32","69032","-69033","-1"
"STK","SPY","","","","8818781445","20260114;093307","20260114","20260114","BUY","100","690.32","69032","-69033","-1"
"STK","SPY","","","","","20260114;102818","20260114","20260114","BUY","100","689.215","68921.5","-68922.5","-1"
"STK","SPY","","","","8820786515","20260114;102818","20260114","20260114","BUY","50","689.215","34460.75","-34461.75","-1"
"STK","SPY","","","","8820786720","20260114;102818","20260114","20260114","BUY","50","689.215","34460.75","-34460.75","0"
"STK","SPY","","","","","20260114;112318","20260114","20260114","BUY","100","688.53","68853","-68854","-1"
"STK","SPY","","","","8821821988","20260114;112318","20260114","20260114","BUY","100","688.53","68853","-68854","-1"
"STK","SPY","","","","","20260114;112415","20260114","20260114","BUY","100","688.8","68880","-68881","-1"
"STK","SPY","","","","8821841149","20260114;112415","20260114","20260114","BUY","40","688.8","27552","-27553","-1"
"STK","SPY","","","","8821841367","20260114;112415","20260114","20260114","BUY","20","688.8","13776","-13776","0"
"STK","SPY","","","","8821841422","20260114;112415","20260114","20260114","BUY","40","688.8","27552","-27552","0"
"STK","SPY","","","","","20260114;134030","20260114","20260114","BUY","100","686.64","68664","-68665","-1"
"STK","SPY","","","","8823538079","20260114;134030","20260114","20260114","BUY","20","686.64","13732.8","-13733.8","-1"
"STK","SPY","","","","8823538101","20260114;134030","20260114","20260114","BUY","80","686.64","54931.2","-54931.2","0"
"STK","SPY","","","","","20260115;112331","20260115","20260115","BUY","50","695.088","34754.4","-34755.4","-1"
"STK","SPY","","","","8829735199","20260115;112331","20260115","20260115","BUY","50","695.088","34754.4","-34755.4","-1"
"STK","SPY","","","","","20260116;101110","20260116","20260116","BUY","100","692.748","69274.8","-69275.8","-1"
"STK","SPY","","","","8835928015","20260116;101110","20260116","20260116","BUY","100","692.748","69274.8","-69275.8","-1"
"STK","SPY","","","","","20260120;102214","20260120","20260120","BUY","100","682.858","68285.8","-68286.8","-1"
"STK","SPY","","","","8846815086","20260120;102214","20260120","20260120","BUY","100","682.858","68285.8","-68286.8","-1"
"STK","SPY","","","","","20260120;115044","20260120","20260120","BUY","100","683.7","68370","-68371","-1"
"STK","SPY","","","","8848678833","20260120;115044","20260120","20260120","BUY","100","683.7","68370","-68371","-1"
"STK","SPY","","","","","20260122;102146","20260122","20260122","BUY","100","688.08","68808","-68809","-1"
"STK","SPY","","","","8864843457","20260122;102146","20260122","20260122","BUY","100","688.08","68808","-68809","-1"
"STK","SPY","","","","","20260126;093700","20260126","20260126","BUY","100","691.82","69182","-69183","-1"
"STK","SPY","","","","8879741510","20260126;093700","20260126","20260126","BUY","100","691.82","69182","-69183","-1"
"STK","SPY","","","","","20260127;100013","20260127","20260127","BUY","100","695.255","69525.5","-69526.5","-1"
"STK","SPY","","","","8889332835","20260127;100013","20260127","20260127","BUY","20","695.255","13905.1","-13906.1","-1"
"STK","SPY","","","","8889332843","20260127;100013","20260127","20260127","BUY","80","695.255","55620.4","-55620.4","0"
"STK","SPY","","","","","20260218;100223","20260218","20260218","BUY","50","686.92","34346","-34347","-1"
"STK","SPY","","","","9025607920","20260218;100223","20260218","20260218","BUY","40","686.92","27476.8","-27477.8","-1"
"STK","SPY","","","","9025607997","20260218;100224","20260218","20260218","BUY","10","686.92","6869.2","-6869.2","0"
"STK","SPY","","","","","20260220;102154","20260220","20260220","BUY","50","687.4595","34372.975","-34373.975","-1"
"STK","SPY","","","","9038201785","20260220;102154","20260220","20260220","BUY","40","687.46","27498.4","-27499.4","-1"
"STK","SPY","","","","9038201846","20260220;102154","20260220","20260220","BUY","10","687.4575","6874.575","-6874.575","0"
"STK","SPY","","","","","20260220;134814","20260220","20260220","BUY","50","689.71","34485.5","-34486.5","-1"
"STK","SPY","","","","9040969292","20260220;134814","20260220","20260220","BUY","5","689.71","3448.55","-3449.55","-1"
"STK","SPY","","","","9040969308","20260220;134814","20260220","20260220","BUY","45","689.71","31036.95","-31036.95","0"
"STK","SPY","","","","","","MULTI","MULTI","SELL","-2250","689.447012","-1551255.777","1551230.33825","-25.43875"
"STK","SPY","","","","","20260102;111143","20260102","20260102","SELL","-100","681.135","-68113.5","68112.4805","-1.0195"
"STK","SPY","","","","8761040015","20260102;111143","20260102","20260102","SELL","-50","681.135","-34056.75","34055.74025","-1.00975"
"STK","SPY","","","","8761040073","20260102;111143","20260102","20260102","SELL","-50","681.135","-34056.75","34056.74025","-0.00975"
"STK","SPY","","","","","20260102;154903","20260102","20260102","SELL","-100","682.13","-68213","68211.9805","-1.0195"
"STK","SPY","","","","8764003996","20260102;154903","20260102","20260102","SELL","-100","682.13","-68213","68211.9805","-1.0195"
"STK","SPY","","","","","20260105;101648","20260105","20260105","SELL","-100","687.6113","-68761.13","68760.1105","-1.0195"
"STK","SPY","","","","8768290510","20260105;101648","20260105","20260105","SELL","-100","687.6113","-68761.13","68760.1105","-1.0195"
"STK","SPY","","","","","20260107;095430","20260107","20260107","SELL","-100","692.68","-69268","69266.9805","-1.0195"
"STK","SPY","","","","8782878443","20260107;095430","20260107","20260107","SELL","-20","692.68","-13853.6","13852.5961","-1.0039"
"STK","SPY","","","","8782878536","20260107;095430","20260107","20260107","SELL","-80","692.68","-55414.4","55414.3844","-0.0156"
"STK","SPY","","","","","20260107;104226","20260107","20260107","SELL","-100","691.922","-69192.2","69191.1805","-1.0195"
"STK","SPY","","","","8784033212","20260107;104226","20260107","20260107","SELL","-100","691.922","-69192.2","69191.1805","-1.0195"
"STK","SPY","","","","","20260107;112303","20260107","20260107","SELL","-100","692.3612","-69236.12","69235.1005","-1.0195"
"STK","SPY","","","","8784602422","20260107;112303","20260107","20260107","SELL","-100","692.3612","-69236.12","69235.1005","-1.0195"
"STK","SPY","","","","","20260108;110553","20260108","20260108","SELL","-100","689.54","-68954","68952.9805","-1.0195"
"STK","SPY","","","","8791509021","20260108;110553","20260108","20260108","SELL","-2","689.54","-1379.08","1378.07961","-1.00039"
"STK","SPY","","","","8791509042","20260108;110553","20260108","20260108","SELL","-98","689.54","-67574.92","67574.90089","-0.01911"
"STK","SPY","","","","","20260108;155358","20260108","20260108","SELL","-100","689.765","-68976.5","68975.4805","-1.0195"
"STK","SPY","","","","8794296425","20260108;155358","20260108","20260108","SELL","-100","689.765","-68976.5","68975.4805","-1.0195"
"STK","SPY","","","","","20260112;095711","20260112","20260112","SELL","-100","693.725","-69372.5","69371.4805","-1.0195"
"STK","SPY","","","","8804710352","20260112;095711","20260112","20260112","SELL","-50","693.725","-34686.25","34685.24025","-1.00975"
"STK","SPY","","","","8804710620","20260112;095711","20260112","20260112","SELL","-50","693.725","-34686.25","34686.24025","-0.00975"
"STK","SPY","","","","","20260113;122227","20260113","20260113","SELL","-100","694.68","-69468","69466.9805","-1.0195"
"STK","SPY","","","","8814904441","20260113;122227","20260113","20260113","SELL","-14","694.68","-9725.52","9724.51727","-1.00273"
"STK","SPY","","","","8814904464","20260113;122227","20260113","20260113","SELL","-86","694.68","-59742.48","59742.46323","-0.01677"
"STK","SPY","","","","","20260114;102144","20260114","20260114","SELL","-100","690.062","-69006.2","69005.1805","-1.0195"
"STK","SPY","","","","8820661928","20260114;102144","20260114","20260114","SELL","-100","690.062","-69006.2","69005.1805","-1.0195"
"STK","SPY","","","","","20260114;104629","20260114","20260114","SELL","-100","687.28072","-68728.072","68727.0525","-1.0195"
"STK","SPY","","","","8821186108","20260114;104629","20260114","20260114","SELL","-40","687.28","-27491.2","27490.1922","-1.0078"
"STK","SPY","","","","8821186134","20260114;104629","20260114","20260114","SELL","-60","687.2812","-41236.872","41236.8603","-0.0117"
"STK","SPY","","","","","20260114;112404","20260114","20260114","SELL","-100","688.795","-68879.5","68878.4805","-1.0195"
"STK","SPY","","","","8821840610","20260114;112404","20260114","20260114","SELL","-50","688.795","-34439.75","34438.74025","-1.00975"
"STK","SPY","","","","8821840781","20260114;112404","20260114","20260114","SELL","-50","688.795","-34439.75","34439.74025","-0.00975"
"STK","SPY","","","","","20260114;115047","20260114","20260114","SELL","-100","686.762","-68676.2","68675.1805","-1.0195"
"STK","SPY","","","","8822246049","20260114;115047","20260114","20260114","SELL","-100","686.762","-68676.2","68675.1805","-1.0195"
"STK","SPY","","","","","20260115;093107","20260115","20260115","SELL","-50","694.2507","-34712.535","34711.52525","-1.00975"
"STK","SPY","","","","8826712011","20260115;093107","20260115","20260115","SELL","-50","694.2507","-34712.535","34711.52525","-1.00975"
"STK","SPY","","","","","20260115;140433","20260115","20260115","SELL","-50","694.22","-34711","34709.99025","-1.00975"
"STK","SPY","","","","8831459358","20260115;140433","20260115","20260115","SELL","-7","694.22","-4859.54","4858.538635","-1.001365"
"STK","SPY","","","","8831459375","20260115;140433","20260115","20260115","SELL","-43","694.22","-29851.46","29851.451615","-0.008385"
"STK","SPY","","","","","20260115;140510","20260115","20260115","SELL","-50","694.22","-34711","34709.99025","-1.00975"
"STK","SPY","","","","8831471361","20260115;140510","20260115","20260115","SELL","-40","694.22","-27768.8","27767.7922","-1.0078"
"STK","SPY","","","","8831471376","20260115;140510","20260115","20260115","SELL","-10","694.22","-6942.2","6942.19805","-0.00195"
"STK","SPY","","","","","20260116;105631","20260116","20260116","SELL","-100","691.332","-69133.2","69132.1805","-1.0195"
"STK","SPY","","","","8836980515","20260116;105631","20260116","20260116","SELL","-100","691.332","-69133.2","69132.1805","-1.0195"
"STK","SPY","","","","","20260120;105019","20260120","20260120","SELL","-100","683.63","-68363","68361.9805","-1.0195"
"STK","SPY","","","","8847627773","20260120;105019","20260120","20260120","SELL","-100","683.63","-68363","68361.9805","-1.0195"
"STK","SPY","","","","","20260120;115200","20260120","20260120","SELL","-100","682.8212","-68282.12","68281.1005","-1.0195"
"STK","SPY","","","","8848696731","20260120;115200","20260120","20260120","SELL","-100","682.8212","-68282.12","68281.1005","-1.0195"
"STK","SPY","","","","","20260122;152650","20260122","20260122","SELL","-100","688.52","-68852","68850.9805","-1.0195"
"STK","SPY","","","","8868689450","20260122;152650","20260122","20260122","SELL","-100","688.52","-68852","68850.9805","-1.0195"
"STK","SPY","","","","","20260127;093004","20260127","20260127","SELL","-100","694.135","-69413.5","69412.4805","-1.0195"
"STK","SPY","","","","8888042883","20260127;093004","20260127","20260127","SELL","-80","694.135","-55530.8","55529.7844","-1.0156"
"STK","SPY","","","","8888043762","20260127;093004","20260127","20260127","SELL","-20","694.135","-13882.7","13882.6961","-0.0039"
"STK","SPY","","","","","20260127;100331","20260127","20260127","SELL","-100","695.105","-69510.5","69509.4805","-1.0195"
"STK","SPY","","","","8889423304","20260127;100331","20260127","20260127","SELL","-100","695.105","-69510.5","69509.4805","-1.0195"
"STK","SPY","","","","","20260220;101432","20260220","20260220","SELL","-50","685.79","-34289.5","34288.49025","-1.00975"
"STK","SPY","","","","9038010735","20260220;101432","20260220","20260220","SELL","-19","685.79","-13030.01","13029.006295","-1.003705"
"STK","SPY","","","","9038010806","20260220;101432","20260220","20260220","SELL","-31","685.79","-21259.49","21259.483955","-0.006045"
"STK","SPY","","","","","20260220;135115","20260220","20260220","SELL","-50","688.65","-34432.5","34431.49025","-1.00975"
"STK","SPY","","","","9041005388","20260220;135115","20260220","20260220","SELL","-50","688.65","-34432.5","34431.49025","-1.00975"
"STK","TSLA","","","","","","20260107","20260107","BUY","50","437.16","21858","-21859","-1"
"STK","TSLA","","","","","20260107;094113","20260107","20260107","BUY","50","437.16","21858","-21859","-1"
"STK","TSLA","","","","8782576348","20260107;094113","20260107","20260107","BUY","25","437.16","10929","-10930","-1"
"STK","TSLA","","","","8782579405","20260107;094113","20260107","20260107","BUY","25","437.16","10929","-10929","0"
"STK","TSLA","","","","","","20260107","20260107","SELL","-50","434.42","-21721","21719.99025","-1.00975"
"STK","TSLA","","","","","20260107;093941","20260107","20260107","SELL","-50","434.42","-21721","21719.99025","-1.00975"
"STK","TSLA","","","","8782503710","20260107;093941","20260107","20260107","SELL","-15","434.42","-6516.3","6515.297075","-1.002925"
"STK","TSLA","","","","8782505203","20260107;093941","20260107","20260107","SELL","-35","434.42","-15204.7","15204.693175","-0.006825"
"OPT","SPXW  260120P06840000","6840","20260120","P","","","20260120","20260120","BUY","1","12.5","1250","-1251.64125","-1.64125"
"OPT","SPXW  260120P06840000","6840","20260120","P","","20260120;123436","20260120","20260120","BUY","1","12.5","1250","-1251.64125","-1.64125"
"OPT","SPXW  260120P06840000","6840","20260120","P","8849308853","20260120;123436","20260120","20260120","BUY","1","12.5","1250","-1251.64125","-1.64125"
"OPT","SPXW  260120P06840000","6840","20260120","P","","","20260120","20260120","SELL","-1","0","0","0","0"
"OPT","SPXW  260120P06840000","6840","20260120","P","","20260120;162000","20260120","20260120","SELL","-1","0","0","0","0"
"OPT","SPXW  260120P06840000","6840","20260120","P","8852614404","20260120;162000","20260120","20260120","SELL","-1","0","0","0","0"
"OPT","SPXW  260120P06845000","6845","20260120","P","","","20260120","20260120","BUY","2","11.45","2290","-2291.64125","-1.64125"
"OPT","SPXW  260120P06845000","6845","20260120","P","","20260120;094928","20260120","20260120","BUY","1","22.9","2290","-2291.64125","-1.64125"
"OPT","SPXW  260120P06845000","6845","20260120","P","8845525339","20260120;094928","20260120","20260120","BUY","1","22.9","2290","-2291.64125","-1.64125"
"OPT","SPXW  260120P06845000","6845","20260120","P","","20260120;162000","20260120","20260120","BUY","1","0","0","0","0"
"OPT","SPXW  260120P06845000","6845","20260120","P","8852607131","20260120;162000","20260120","20260120","BUY","1","0","0","0","0"
"OPT","SPXW  260120P06845000","6845","20260120","P","","","20260120","20260120","SELL","-2","10.875","-2175","2171.7175","-3.2825"
"OPT","SPXW  260120P06845000","6845","20260120","P","","20260120;104501","20260120","20260120","SELL","-1","6.65","-665","663.35875","-1.64125"
"OPT","SPXW  260120P06845000","6845","20260120","P","8847489674","20260120;104501","20260120","20260120","SELL","-1","6.65","-665","663.35875","-1.64125"
"OPT","SPXW  260120P06845000","6845","20260120","P","","20260120;123436","20260120","20260120","SELL","-1","15.1","-1510","1508.35875","-1.64125"
"OPT","SPXW  260120P06845000","6845","20260120","P","8849310300","20260120;123436","20260120","20260120","SELL","-1","15.1","-1510","1508.35875","-1.64125"
"OPT","SPXW  260120P06850000","6850","20260120","P","","","20260120","20260120","BUY","1","28.75","2875","-2876.64125","-1.64125"
"OPT","SPXW  260120P06850000","6850","20260120","P","","20260120;093243","20260120","20260120","BUY","1","28.75","2875","-2876.64125","-1.64125"
"OPT","SPXW  260120P06850000","6850","20260120","P","8844377912","20260120;093243","20260120","20260120","BUY","1","28.75","2875","-2876.64125","-1.64125"
"OPT","SPXW  260120P06850000","6850","20260120","P","","","20260120","20260120","SELL","-1","25.5","-2550","2548.35875","-1.64125"
"OPT","SPXW  260120P06850000","6850","20260120","P","","20260120;094928","20260120","20260120","SELL","-1","25.5","-2550","2548.35875","-1.64125"
"OPT","SPXW  260120P06850000","6850","20260120","P","8845526766","20260120;094928","20260120","20260120","SELL","-1","25.5","-2550","2548.35875","-1.64125"
"OPT","SPXW  260120P06855000","6855","20260120","P","","","20260120","20260120","BUY","1","9.55","955","-956.64125","-1.64125"
"OPT","SPXW  260120P06855000","6855","20260120","P","","20260120;104501","20260120","20260120","BUY","1","9.55","955","-956.64125","-1.64125"
"OPT","SPXW  260120P06855000","6855","20260120","P","8847493683","20260120;104501","20260120","20260120","BUY","1","9.55","955","-956.64125","-1.64125"
"OPT","SPXW  260120P06855000","6855","20260120","P","","","20260120","20260120","SELL","-1","31.45","-3145","3143.35875","-1.64125"
"OPT","SPXW  260120P06855000","6855","20260120","P","","20260120;093243","20260120","20260120","SELL","-1","31.45","-3145","3143.35875","-1.64125"
"OPT","SPXW  260120P06855000","6855","20260120","P","8844356104","20260120;093243","20260120","20260120","SELL","-1","31.45","-3145","3143.35875","-1.64125"
"OPT","SPXW  260122P06820000","6820","20260122","P","","","20260121","20260121","BUY","1","32.25","3225","-3226.64125","-1.64125"
"OPT","SPXW  260122P06820000","6820","20260122","P","","20260121;130349","20260121","20260121","BUY","1","32.25","3225","-3226.64125","-1.64125"
"OPT","SPXW  260122P06820000","6820","20260122","P","8858997067","20260121;130349","20260121","20260121","BUY","1","32.25","3225","-3226.64125","-1.64125"
"OPT","SPXW  260122P06820000","6820","20260122","P","","","20260121","20260121","SELL","-1","6","-600","598.35875","-1.64125"
"OPT","SPXW  260122P06820000","6820","20260122","P","","20260121;143048","20260121","20260121","SELL","-1","6","-600","598.35875","-1.64125"
"OPT","SPXW  260122P06820000","6820","20260122","P","8859895388","20260121;143048","20260121","20260121","SELL","-1","6","-600","598.35875","-1.64125"
"OPT","SPXW  260122P06825000","6825","20260122","P","","","20260121","20260121","BUY","1","6.75","675","-676.64125","-1.64125"
"OPT","SPXW  260122P06825000","6825","20260122","P","","20260121;143048","20260121","20260121","BUY","1","6.75","675","-676.64125","-1.64125"
"OPT","SPXW  260122P06825000","6825","20260122","P","8859876831","20260121;143048","20260121","20260121","BUY","1","6.75","675","-676.64125","-1.64125"
"OPT","SPXW  260122P06825000","6825","20260122","P","","","20260121","20260121","SELL","-1","34.75","-3475","3473.35875","-1.64125"
"OPT","SPXW  260122P06825000","6825","20260122","P","","20260121;130349","20260121","20260121","SELL","-1","34.75","-3475","3473.35875","-1.64125"
"OPT","SPXW  260122P06825000","6825","20260122","P","8859025417","20260121;130349","20260121","20260121","SELL","-1","34.75","-3475","3473.35875","-1.64125"
"OPT","SPXW  260122P06900000","6900","20260122","P","","","20260121","20260121","BUY","1","22.67","2267","-2268.64125","-1.64125"
"OPT","SPXW  260122P06900000","6900","20260122","P","","20260121;150805","20260121","20260121","BUY","1","22.67","2267","-2268.64125","-1.64125"
"OPT","SPXW  260122P06900000","6900","20260122","P","8860599455","20260121;150805","20260121","20260121","BUY","1","22.67","2267","-2268.64125","-1.64125"
"OPT","SPXW  260122P06900000","6900","20260122","P","","","20260122","20260122","SELL","-1","1.72","-172","170.35875","-1.64125"
"OPT","SPXW  260122P06900000","6900","20260122","P","","20260122;152530","20260122","20260122","SELL","-1","1.72","-172","170.35875","-1.64125"
"OPT","SPXW  260122P06900000","6900","20260122","P","8868669179","20260122;152530","20260122","20260122","SELL","-1","1.72","-172","170.35875","-1.64125"
"OPT","SPXW  260122P06905000","6905","20260122","P","","","20260122","20260122","BUY","1","2.87","287","-288.64125","-1.64125"
"OPT","SPXW  260122P06905000","6905","20260122","P","","20260122;152530","20260122","20260122","BUY","1","2.87","287","-288.64125","-1.64125"
"OPT","SPXW  260122P06905000","6905","20260122","P","8868676675","20260122;152530","20260122","20260122","BUY","1","2.87","287","-288.64125","-1.64125"
"OPT","SPXW  260122P06905000","6905","20260122","P","","","20260121","20260121","SELL","-1","25.17","-2517","2515.35875","-1.64125"
"OPT","SPXW  260122P06905000","6905","20260122","P","","20260121;150805","20260121","20260121","SELL","-1","25.17","-2517","2515.35875","-1.64125"
"OPT","SPXW  260122P06905000","6905","20260122","P","8860585745","20260121;150805","20260121","20260121","SELL","-1","25.17","-2517","2515.35875","-1.64125"
"OPT","SPXW  260128P06985000","6985","20260128","P","","","20260128","20260128","BUY","1","15.25","1525","-1526.64125","-1.64125"
"OPT","SPXW  260128P06985000","6985","20260128","P","","20260128;104239","20260128","20260128","BUY","1","15.25","1525","-1526.64125","-1.64125"
"OPT","SPXW  260128P06985000","6985","20260128","P","8898345374","20260128;104239","20260128","20260128","BUY","1","15.25","1525","-1526.64125","-1.64125"
"OPT","SPXW  260128P06985000","6985","20260128","P","","","20260128","20260128","SELL","-1","21.2","-2120","2118.35875","-1.64125"
"OPT","SPXW  260128P06985000","6985","20260128","P","","20260128;122600","20260128","20260128","SELL","-1","21.2","-2120","2118.35875","-1.64125"
"OPT","SPXW  260128P06985000","6985","20260128","P","8899784044","20260128;122600","20260128","20260128","SELL","-1","21.2","-2120","2118.35875","-1.64125"
"OPT","SPXW  260128P06990000","6990","20260128","P","","","20260128","20260128","BUY","1","24.4","2440","-2441.64125","-1.64125"
"OPT","SPXW  260128P06990000","6990","20260128","P","","20260128;122600","20260128","20260128","BUY","1","24.4","2440","-2441.64125","-1.64125"
"OPT","SPXW  260128P06990000","6990","20260128","P","8899777457","20260128;122600","20260128","20260128","BUY","1","24.4","2440","-2441.64125","-1.64125"
"OPT","SPXW  260128P06990000","6990","20260128","P","","","20260128","20260128","SELL","-1","17.7","-1770","1768.35875","-1.64125"
"OPT","SPXW  260128P06990000","6990","20260128","P","","20260128;104239","20260128","20260128","SELL","-1","17.7","-1770","1768.35875","-1.64125"
"OPT","SPXW  260128P06990000","6990","20260128","P","8898345706","20260128;104239","20260128","20260128","SELL","-1","17.7","-1770","1768.35875","-1.64125"
"OPT","SPXW  260206P06800000","6800","20260206","P","","","20260205","20260205","BUY","2","52.37","10474","-10476.5825","-2.5825"
"OPT","SPXW  260206P06800000","6800","20260206","P","","20260205;104637","20260205","20260205","BUY","2","52.37","10474","-10476.5825","-2.5825"
"OPT","SPXW  260206P06800000","6800","20260206","P","8959821087","20260205;104637","20260205","20260205","BUY","1","52.37","5237","-5238.64125","-1.64125"
"OPT","SPXW  260206P06800000","6800","20260206","P","8959821275","20260205;104637","20260205","20260205","BUY","1","52.37","5237","-5237.94125","-0.94125"
"OPT","SPXW  260206P06800000","6800","20260206","P","","","20260205","20260205","SELL","-2","32.86","-6572","6569.2175","-2.7825"
"OPT","SPXW  260206P06800000","6800","20260206","P","","20260205;132818","20260205","20260205","SELL","-2","32.86","-6572","6569.2175","-2.7825"
"OPT","SPXW  260206P06800000","6800","20260206","P","8962554431","20260205;132818","20260205","20260205","SELL","-1","32.86","-3286","3284.25875","-1.74125"
"OPT","SPXW  260206P06800000","6800","20260206","P","8962554472","20260205;132818","20260205","20260205","SELL","-1","32.86","-3286","3284.95875","-1.04125"
"OPT","SPXW  260206P06805000","6805","20260206","P","","","20260205","20260205","BUY","2","34.91","6982","-6984.7825","-2.7825"
"OPT","SPXW  260206P06805000","6805","20260206","P","","20260205;132818","20260205","20260205","BUY","2","34.91","6982","-6984.7825","-2.7825"
"OPT","SPXW  260206P06805000","6805","20260206","P","8962553141","20260205;132818","20260205","20260205","BUY","1","34.91","3491","-3492.74125","-1.74125"
"OPT","SPXW  260206P06805000","6805","20260206","P","8962553323","20260205;132818","20260205","20260205","BUY","1","34.91","3491","-3492.04125","-1.04125"
"OPT","SPXW  260206P06805000","6805","20260206","P","","","20260205","20260205","SELL","-2","54.82","-10964","10961.4175","-2.5825"
"OPT","SPXW  260206P06805000","6805","20260206","P","","20260205;104637","20260205","20260205","SELL","-2","54.82","-10964","10961.4175","-2.5825"
"OPT","SPXW  260206P06805000","6805","20260206","P","8959831993","20260205;104637","20260205","20260205","SELL","-1","54.82","-5482","5480.35875","-1.64125"
"OPT","SPXW  260206P06805000","6805","20260206","P","8959832693","20260205;104637","20260205","20260205","SELL","-1","54.82","-5482","5481.05875","-0.94125"
"OPT","SPXW  260213C06835000","6835","20260213","C","","","20260213","20260213","BUY","1","1.52","152","-153.64125","-1.64125"
"OPT","SPXW  260213C06835000","6835","20260213","C","","20260213;154808","20260213","20260213","BUY","1","1.52","152","-153.64125","-1.64125"
"OPT","SPXW  260213C06835000","6835","20260213","C","9014876725","20260213;154808","20260213","20260213","BUY","1","1.52","152","-153.64125","-1.64125"
"OPT","SPXW  260213C06835000","6835","20260213","C","","","20260213","20260213","SELL","-1","25.43","-2543","2541.35875","-1.64125"
"OPT","SPXW  260213C06835000","6835","20260213","C","","20260213;093550","20260213","20260213","SELL","-1","25.43","-2543","2541.35875","-1.64125"
"OPT","SPXW  260213C06835000","6835","20260213","C","9009492594","20260213;093550","20260213","20260213","SELL","-1","25.43","-2543","2541.35875","-1.64125"
"OPT","SPXW  260213C06840000","6840","20260213","C","","","20260213","20260213","BUY","1","22.98","2298","-2299.64125","-1.64125"
"OPT","SPXW  260213C06840000","6840","20260213","C","","20260213;093550","20260213","20260213","BUY","1","22.98","2298","-2299.64125","-1.64125"
"OPT","SPXW  260213C06840000","6840","20260213","C","9009560816","20260213;093550","20260213","20260213","BUY","1","22.98","2298","-2299.64125","-1.64125"
"OPT","SPXW  260213C06840000","6840","20260213","C","","","20260213","20260213","SELL","-1","0.67","-67","65.44875","-1.55125"
"OPT","SPXW  260213C06840000","6840","20260213","C","","20260213;154808","20260213","20260213","SELL","-1","0.67","-67","65.44875","-1.55125"
"OPT","SPXW  260213C06840000","6840","20260213","C","9014883331","20260213;154808","20260213","20260213","SELL","-1","0.67","-67","65.44875","-1.55125"
"OPT","SPXW  260218P06835000","6835","20260218","P","","","20260217","20260217","BUY","1","35.58","3558","-3559.64125","-1.64125"
"OPT","SPXW  260218P06835000","6835","20260218","P","","20260217;113015","20260217","20260217","BUY","1","35.58","3558","-3559.64125","-1.64125"
"OPT","SPXW  260218P06835000","6835","20260218","P","9020686756","20260217;113015","20260217","20260217","BUY","1","35.58","3558","-3559.64125","-1.64125"
"OPT","SPXW  260218P06835000","6835","20260218","P","","","20260218","20260218","SELL","-1","1.02","-102","100.35875","-1.64125"
"OPT","SPXW  260218P06835000","6835","20260218","P","","20260218;135406","20260218","20260218","SELL","-1","1.02","-102","100.35875","-1.64125"
"OPT","SPXW  260218P06835000","6835","20260218","P","9028373896","20260218;135406","20260218","20260218","SELL","-1","1.02","-102","100.35875","-1.64125"
"OPT","SPXW  260218P06840000","6840","20260218","P","","","20260218","20260218","BUY","1","1.27","127","-128.64125","-1.64125"
"OPT","SPXW  260218P06840000","6840","20260218","P","","20260218;135406","20260218","20260218","BUY","1","1.27","127","-128.64125","-1.64125"
"OPT","SPXW  260218P06840000","6840","20260218","P","9028373875","20260218;135406","20260218","20260218","BUY","1","1.27","127","-128.64125","-1.64125"
"OPT","SPXW  260218P06840000","6840","20260218","P","","","20260217","20260217","SELL","-1","38.03","-3803","3801.35875","-1.64125"
"OPT","SPXW  260218P06840000","6840","20260218","P","","20260217;113015","20260217","20260217","SELL","-1","38.03","-3803","3801.35875","-1.64125"
"OPT","SPXW  260218P06840000","6840","20260218","P","9020686716","20260217;113015","20260217","20260217","SELL","-1","38.03","-3803","3801.35875","-1.64125"
"OPT","SPY   260121C00682000","682","20260121","C","","","20260121","20260121","BUY","1","2","200","-201.04875","-1.04875"
"OPT","SPY   260121C00682000","682","20260121","C","","20260121;101816","20260121","20260121","BUY","1","2","200","-201.04875","-1.04875"
"OPT","SPY   260121C00682000","682","20260121","C","8855788350","20260121;101816","20260121","20260121","BUY","1","2","200","-201.04875","-1.04875"
"OPT","SPY   260121C00682000","682","20260121","C","","","20260121","20260121","SELL","-1","1.59","-159","157.94796","-1.05204"
"OPT","SPY   260121C00682000","682","20260121","C","","20260121;101001","20260121","20260121","SELL","-1","1.59","-159","157.94796","-1.05204"
"OPT","SPY   260121C00682000","682","20260121","C","8855536512","20260121;101001","20260121","20260121","SELL","-1","1.59","-159","157.94796","-1.05204"
"OPT","SPY   260121C00683000","683","20260121","C","","","20260121","20260121","BUY","1","1.06","106","-107.04875","-1.04875"
"OPT","SPY   260121C00683000","683","20260121","C","","20260121;101001","20260121","20260121","BUY","1","1.06","106","-107.04875","-1.04875"
"OPT","SPY   260121C00683000","683","20260121","C","8855550138","20260121;101001","20260121","20260121","BUY","1","1.06","106","-107.04875","-1.04875"
"OPT","SPY   260121C00683000","683","20260121","C","","","20260121","20260121","SELL","-1","1.36","-136","134.94796","-1.05204"
"OPT","SPY   260121C00683000","683","20260121","C","","20260121;101816","20260121","20260121","SELL","-1","1.36","-136","134.94796","-1.05204"
"OPT","SPY   260121C00683000","683","20260121","C","8855764976","20260121;101816","20260121","20260121","SELL","-1","1.36","-136","134.94796","-1.05204"
"FUT","MESH6","","20260320","","","","MULTI","MULTI","BUY","85","6926.594117647","2943802.5","5286.05","-52.7"
"FUT","MESH6","","20260320","","","20260102;094227","20260102","20260102","BUY","2","6914.25","69142.5","-138.74","-1.24"
"FUT","MESH6","","20260320","","1174721424","20260102;094227","20260102","20260102","BUY","2","6914.25","69142.5","-138.74","-1.24"
"FUT","MESH6","","20260320","","","20260102;095133","20260102","20260102","BUY","2","6935.5","69355","-351.24","-1.24"
"FUT","MESH6","","20260320","","1174736101","20260102;095133","20260102","20260102","BUY","2","6935.5","69355","-351.24","-1.24"
"FUT","MESH6","","20260320","","","20260106;115433","20260106","20260106","BUY","2","6962.5","69625","251.26","-1.24"
"FUT","MESH6","","20260320","","1175671672","20260106;115433","20260106","20260106","BUY","2","6962.5","69625","251.26","-1.24"
"FUT","MESH6","","20260320","","","20260109;073803","20260109","20260109","BUY","2","6966","69660","388.76","-1.24"
"FUT","MESH6","","20260320","","1176642105","20260109;073803","20260109","20260109","BUY","2","6966","69660","388.76","-1.24"
"FUT","MESH6","","20260320","","","20260109;093259","20260109","20260109","BUY","2","6972.25","69722.5","326.26","-1.24"
"FUT","MESH6","","20260320","","1176692808","20260109;093259","20260109","20260109","BUY","2","6972.25","69722.5","326.26","-1.24"
"FUT","MESH6","","20260320","","","20260109;094142","20260109","20260109","BUY","2","6985.25","69852.5","196.26","-1.24"
"FUT","MESH6","","20260320","","1176704648","20260109;094142","20260109","20260109","BUY","2","6985.25","69852.5","196.26","-1.24"
"FUT","MESH6","","20260320","","","20260109;100839","20260109","20260109","BUY","2","6958","69580","468.76","-1.24"
"FUT","MESH6","","20260320","","1176743039","20260109;100839","20260109","20260109","BUY","2","6958","69580","468.76","-1.24"
"FUT","MESH6","","20260320","","","20260119;195529","20260120","20260120","BUY","2","6908","69080","-786.24","-1.24"
"FUT","MESH6","","20260320","","1179476224","20260119;195529","20260120","20260120","BUY","1","6908","34540","-393.12","-0.62"
"FUT","MESH6","","20260320","","1179476227","20260119;195529","20260120","20260120","BUY","1","6908","34540","-393.12","-0.62"
"FUT","MESH6","","20260320","","","20260121;091512","20260121","20260121","BUY","2","6855","68550","548.76","-1.24"
"FUT","MESH6","","20260320","","1180185422","20260121;091512","20260121","20260121","BUY","2","6855","68550","548.76","-1.24"
"FUT","MESH6","","20260320","","","20260121;094721","20260121","20260121","BUY","2","6864.25","68642.5","456.26","-1.24"
"FUT","MESH6","","20260320","","1180222910","20260121;094721","20260121","20260121","BUY","2","6864.25","68642.5","456.26","-1.24"
"FUT","MESH6","","20260320","","","20260121;143338","20260121","20260121","BUY","2","6903.75","69037.5","61.26","-1.24"
"FUT","MESH6","","20260320","","1180495157","20260121;143338","20260121","20260121","BUY","1","6903.75","34518.75","30.63","-0.62"
"FUT","MESH6","","20260320","","1180495224","20260121;143338","20260121","20260121","BUY","1","6903.75","34518.75","30.63","-0.62"
"FUT","MESH6","","20260320","","","20260121;150920","20260121","20260121","BUY","2","6931.5","69315","-216.24","-1.24"
"FUT","MESH6","","20260320","","1180544021","20260121;150920","20260121","20260121","BUY","2","6931.5","69315","-216.24","-1.24"
"FUT","MESH6","","20260320","","","20260123;062904","20260123","20260123","BUY","2","6941.75","69417.5","38.76","-1.24"
"FUT","MESH6","","20260320","","1181189236","20260123;062904","20260123","20260123","BUY","2","6941.75","69417.5","38.76","-1.24"
"FUT","MESH6","","20260320","","","20260123;125818","20260123","20260123","BUY","2","6933","69330","126.26","-1.24"
"FUT","MESH6","","20260320","","1181428766","20260123;125818","20260123","20260123","BUY","2","6933","69330","126.26","-1.24"
"FUT","MESH6","","20260320","","","20260123;143141","20260123","20260123","BUY","1","6952","34760","-31.87","-0.62"
"FUT","MESH6","","20260320","","1181480669","20260123;143141","20260123","20260123","BUY","1","6952","34760","-31.87","-0.62"
"FUT","MESH6","","20260320","","","20260127;101044","20260127","20260127","BUY","2","7005.75","70057.5","26.26","-1.24"
"FUT","MESH6","","20260320","","1182323687","20260127;101044","20260127","20260127","BUY","2","7005.75","70057.5","26.26","-1.24"
"FUT","MESH6","","20260320","","","20260128;082517","20260128","20260128","BUY","2","7022","70220","-148.74","-1.24"
"FUT","MESH6","","20260320","","1182716918","20260128;082517","20260128","20260128","BUY","2","7022","70220","-148.74","-1.24"
"FUT","MESH6","","20260320","","","20260128;135653","20260128","20260128","BUY","2","7002","70020","51.26","-1.24"
"FUT","MESH6","","20260320","","1182930136","20260128;135653","20260128","20260128","BUY","2","7002","70020","51.26","-1.24"
"FUT","MESH6","","20260320","","","20260128;145204","20260128","20260128","BUY","2","7007.25","70072.5","-1.24","-1.24"
"FUT","MESH6","","20260320","","1182975248","20260128;145204","20260128","20260128","BUY","2","7007.25","70072.5","-1.24","-1.24"
"FUT","MESH6","","20260320","","","20260129;095642","20260129","20260129","BUY","2","6981.25","69812.5","113.76","-1.24"
"FUT","MESH6","","20260320","","1183346694","20260129;095642","20260129","20260129","BUY","2","6981.25","69812.5","113.76","-1.24"
"FUT","MESH6","","20260320","","","20260130;132553","20260130","20260130","BUY","2","6935","69350","306.26","-1.24"
"FUT","MESH6","","20260320","","1184366181","20260130;132553","20260130","20260130","BUY","2","6935","69350","306.26","-1.24"
"FUT","MESH6","","20260320","","","20260130;152548","20260130","20260130","BUY","5","6949.5","173737.5","403.15","-3.1"
"FUT","MESH6","","20260320","","1184478068","20260130;152548","20260130","20260130","BUY","5","6949.5","173737.5","403.15","-3.1"
"FUT","MESH6","","20260320","","","20260130;152637","20260130","20260130","BUY","2","6950.5","69505","151.26","-1.24"
"FUT","MESH6","","20260320","","1184478473","20260130;152637","20260130","20260130","BUY","2","6950.5","69505","151.26","-1.24"
"FUT","MESH6","","20260320","","","20260130;154207","20260130","20260130","BUY","1","6956.75","34783.75","44.38","-0.62"
"FUT","MESH6","","20260320","","1184490241","20260130;154207","20260130","20260130","BUY","1","6956.75","34783.75","44.38","-0.62"
"FUT","MESH6","","20260320","","","20260203;093901","20260203","20260203","BUY","2","7005.5","70055","-638.74","-1.24"
"FUT","MESH6","","20260320","","1185452106","20260203;093901","20260203","20260203","BUY","2","7005.5","70055","-638.74","-1.24"
"FUT","MESH6","","20260320","","","20260203;103923","20260203","20260203","BUY","2","6966","69660","-243.74","-1.24"
"FUT","MESH6","","20260320","","1185552324","20260203;103923","20260203","20260203","BUY","2","6966","69660","-243.74","-1.24"
"FUT","MESH6","","20260320","","","20260204;102208","20260204","20260204","BUY","2","6941.25","69412.5","-351.24","-1.24"
"FUT","MESH6","","20260320","","1186133100","20260204;102208","20260204","20260204","BUY","2","6941.25","69412.5","-351.24","-1.24"
"FUT","MESH6","","20260320","","","20260204;211932","20260205","20260205","BUY","2","6910.25","69102.5","-896.24","-1.24"
"FUT","MESH6","","20260320","","1186542362","20260204;211932","20260205","20260205","BUY","1","6910.25","34551.25","-448.12","-0.62"
"FUT","MESH6","","20260320","","1186542388","20260204;211932","20260205","20260205","BUY","1","6910.25","34551.25","-448.12","-0.62"
"FUT","MESH6","","20260320","","","20260206;082408","20260206","20260206","BUY","5","6860.5","171512.5","2303.15","-3.1"
"FUT","MESH6","","20260320","","1187457409","20260206;082408","20260206","20260206","BUY","5","6860.5","171512.5","2303.15","-3.1"
"FUT","MESH6","","20260320","","","20260206;093453","20260206","20260206","BUY","2","6879.75","68797.5","728.76","-1.24"
"FUT","MESH6","","20260320","","1187491430","20260206;093453","20260206","20260206","BUY","2","6879.75","68797.5","728.76","-1.24"
"FUT","MESH6","","20260320","","","20260206;095058","20260206","20260206","BUY","1","6899.25","34496.25","266.88","-0.62"
"FUT","MESH6","","20260320","","1187524580","20260206;095058","20260206","20260206","BUY","1","6899.25","34496.25","266.88","-0.62"
"FUT","MESH6","","20260320","","","20260206;105745","20260206","20260206","BUY","2","6898.5","68985","541.26","-1.24"
"FUT","MESH6","","20260320","","1187624139","20260206;105745","20260206","20260206","BUY","2","6898.5","68985","541.26","-1.24"
"FUT","MESH6","","20260320","","","20260206;111403","20260206","20260206","BUY","1","6914.75","34573.75","189.38","-0.62"
"FUT","MESH6","","20260320","","1187640991","20260206;111403","20260206","20260206","BUY","1","6914.75","34573.75","189.38","-0.62"
"FUT","MESH6","","20260320","","","20260206;124900","20260206","20260206","BUY","1","6931.75","34658.75","104.38","-0.62"
"FUT","MESH6","","20260320","","1187707994","20260206;124900","20260206","20260206","BUY","1","6931.75","34658.75","104.38","-0.62"
"FUT","MESH6","","20260320","","","20260217;111738","20260217","20260217","BUY","2","6854.75","68547.5","56.26","-1.24"
"FUT","MESH6","","20260320","","1190821266","20260217;111738","20260217","20260217","BUY","2","6854.75","68547.5","56.26","-1.24"
"FUT","MESH6","","20260320","","","20260217;132354","20260217","20260217","BUY","1","6855.75","34278.75","23.13","-0.62"
"FUT","MESH6","","20260320","","1190909085","20260217;132354","20260217","20260217","BUY","1","6855.75","34278.75","23.13","-0.62"
"FUT","MESH6","","20260320","","","20260217;133230","20260217","20260217","BUY","1","6860.5","34302.5","-0.62","-0.62"
"FUT","MESH6","","20260320","","1190915149","20260217;133230","20260217","20260217","BUY","1","6860.5","34302.5","-0.62","-0.62"
"FUT","MESH6","","20260320","","","20260218;093352","20260218","20260218","BUY","1","6875.5","34377.5","93.13","-0.62"
"FUT","MESH6","","20260320","","1191157599","20260218;093352","20260218","20260218","BUY","1","6875.5","34377.5","93.13","-0.62"
"FUT","MESH6","","20260320","","","20260218;093812","20260218","20260218","BUY","1","6871.25","34356.25","114.38","-0.62"
"FUT","MESH6","","20260320","","1191163230","20260218;093812","20260218","20260218","BUY","1","6871.25","34356.25","114.38","-0.62"
"FUT","MESH6","","20260320","","","20260219;054742","20260219","20260219","BUY","2","6875.25","68752.5","16.26","-1.24"
"FUT","MESH6","","20260320","","1191558339","20260219;054742","20260219","20260219","BUY","2","6875.25","68752.5","16.26","-1.24"
"FUT","MESH6","","20260320","","","20260219;094036","20260219","20260219","BUY","2","6866","68660","108.76","-1.24"
"FUT","MESH6","","20260320","","1191631000","20260219;094036","20260219","20260219","BUY","2","6866","68660","108.76","-1.24"
"FUT","MESH6","","20260320","","","20260219;134140","20260219","20260219","BUY","2","6855","68550","218.76","-1.24"
"FUT","MESH6","","20260320","","1191841060","20260219;134140","20260219","20260219","BUY","2","6855","68550","218.76","-1.24"
"FUT","MESH6","","20260320","","","20260220;102114","20260220","20260220","BUY","2","6900","69000","231.26","-1.24"
"FUT","MESH6","","20260320","","1192175705","20260220;102114","20260220","20260220","BUY","2","6900","69000","231.26","-1.24"
"FUT","MESH6","","20260320","","","20260220;133551","20260220","20260220","BUY","1","6899.25","34496.25","119.38","-0.62"
"FUT","MESH6","","20260320","","1192361558","20260220;133551","20260220","20260220","BUY","1","6899.25","34496.25","119.38","-0.62"
"FUT","MESH6","","20260320","","","20260220;134224","20260220","20260220","BUY","1","6919.75","34598.75","16.88","-0.62"
"FUT","MESH6","","20260320","","1192368311","20260220;134224","20260220","20260220","BUY","1","6919.75","34598.75","16.88","-0.62"
"FUT","MESH6","","20260320","","","","MULTI","MULTI","SELL","-85","6929.817647059","-2945172.5","-4358.95","-52.7"
"FUT","MESH6","","20260320","","","20260102;094841","20260102","20260102","SELL","-2","6934.25","-69342.5","336.26","-1.24"
"FUT","MESH6","","20260320","","1174730882","20260102;094841","20260102","20260102","SELL","-2","6934.25","-69342.5","336.26","-1.24"
"FUT","MESH6","","20260320","","","20260102;101621","20260102","20260102","SELL","-2","6908","-69080","73.76","-1.24"
"FUT","MESH6","","20260320","","1174768159","20260102;101621","20260102","20260102","SELL","-2","6908","-69080","73.76","-1.24"
"FUT","MESH6","","20260320","","","20260106;115630","20260106","20260106","SELL","-2","6958","-69580","-298.74","-1.24"
"FUT","MESH6","","20260320","","1175672910","20260106;115630","20260106","20260106","SELL","-1","6958","-34790","-149.37","-0.62"
"FUT","MESH6","","20260320","","1175672923","20260106;115630","20260106","20260106","SELL","-1","6958","-34790","-149.37","-0.62"
"FUT","MESH6","","20260320","","","20260109;083057","20260109","20260109","SELL","-2","6978.25","-69782.5","-268.74","-1.24"
"FUT","MESH6","","20260320","","1176654128","20260109;083057","20260109","20260109","SELL","-2","6978.25","-69782.5","-268.74","-1.24"
"FUT","MESH6","","20260320","","","20260109;093707","20260109","20260109","SELL","-2","6978","-69780","-271.24","-1.24"
"FUT","MESH6","","20260320","","1176698681","20260109;093707","20260109","20260109","SELL","-2","6978","-69780","-271.24","-1.24"
"FUT","MESH6","","20260320","","","20260109;100530","20260109","20260109","SELL","-2","6967.5","-69675","-376.24","-1.24"
"FUT","MESH6","","20260320","","1176737333","20260109;100530","20260109","20260109","SELL","-2","6967.5","-69675","-376.24","-1.24"
"FUT","MESH6","","20260320","","","20260109;100718","20260109","20260109","SELL","-2","6962.25","-69622.5","-428.74","-1.24"
"FUT","MESH6","","20260320","","1176740423","20260109;100718","20260109","20260109","SELL","-2","6962.25","-69622.5","-428.74","-1.24"
"FUT","MESH6","","20260320","","","20260119;200633","20260120","20260120","SELL","-2","6908.25","-69082.5","786.26","-1.24"
"FUT","MESH6","","20260320","","1179478373","20260119;200633","20260120","20260120","SELL","-2","6908.25","-69082.5","786.26","-1.24"
"FUT","MESH6","","20260320","","","20260121;092918","20260121","20260121","SELL","-2","6852.75","-68527.5","-573.74","-1.24"
"FUT","MESH6","","20260320","","1180197321","20260121;092918","20260121","20260121","SELL","-2","6852.75","-68527.5","-573.74","-1.24"
"FUT","MESH6","","20260320","","","20260121;095006","20260121","20260121","SELL","-2","6867.25","-68672.5","-428.74","-1.24"
"FUT","MESH6","","20260320","","1180226342","20260121;095006","20260121","20260121","SELL","-2","6867.25","-68672.5","-428.74","-1.24"
"FUT","MESH6","","20260320","","","20260121;145755","20260121","20260121","SELL","-2","6938.25","-69382.5","281.26","-1.24"
"FUT","MESH6","","20260320","","1180532549","20260121;145755","20260121","20260121","SELL","-2","6938.25","-69382.5","281.26","-1.24"
"FUT","MESH6","","20260320","","","20260121;151133","20260121","20260121","SELL","-2","6928.5","-69285","183.76","-1.24"
"FUT","MESH6","","20260320","","1180545877","20260121;151133","20260121","20260121","SELL","-2","6928.5","-69285","183.76","-1.24"
"FUT","MESH6","","20260320","","","20260123;105500","20260123","20260123","SELL","-2","6959.5","-69595","136.26","-1.24"
"FUT","MESH6","","20260320","","1181333992","20260123;105500","20260123","20260123","SELL","-2","6959.5","-69595","136.26","-1.24"
"FUT","MESH6","","20260320","","","20260123;142904","20260123","20260123","SELL","-2","6952.5","-69525","66.26","-1.24"
"FUT","MESH6","","20260320","","1181478625","20260123;142904","20260123","20260123","SELL","-2","6952.5","-69525","66.26","-1.24"
"FUT","MESH6","","20260320","","","20260123;145011","20260123","20260123","SELL","-1","6947","-34735","5.63","-0.62"
"FUT","MESH6","","20260320","","1181487786","20260123;145011","20260123","20260123","SELL","-1","6947","-34735","5.63","-0.62"
"FUT","MESH6","","20260320","","","20260127;121919","20260127","20260127","SELL","-2","7007","-70070","-16.24","-1.24"
"FUT","MESH6","","20260320","","1182412097","20260127;121919","20260127","20260127","SELL","-2","7007","-70070","-16.24","-1.24"
"FUT","MESH6","","20260320","","","20260128;115222","20260128","20260128","SELL","-2","6997.5","-69975","-98.74","-1.24"
"FUT","MESH6","","20260320","","1182871704","20260128;115222","20260128","20260128","SELL","-2","6997.5","-69975","-98.74","-1.24"
"FUT","MESH6","","20260320","","","20260128;145117","20260128","20260128","SELL","-2","7004.5","-70045","-28.74","-1.24"
"FUT","MESH6","","20260320","","1182974699","20260128;145117","20260128","20260128","SELL","-2","7004.5","-70045","-28.74","-1.24"
"FUT","MESH6","","20260320","","","20260128;153855","20260128","20260128","SELL","-2","7004.25","-70042.5","-31.24","-1.24"
"FUT","MESH6","","20260320","","1183006441","20260128;153855","20260128","20260128","SELL","-2","7004.25","-70042.5","-31.24","-1.24"
"FUT","MESH6","","20260320","","","20260129;095912","20260129","20260129","SELL","-2","6967","-69670","-258.74","-1.24"
"FUT","MESH6","","20260320","","1183353705","20260129;095912","20260129","20260129","SELL","-2","6967","-69670","-258.74","-1.24"
"FUT","MESH6","","20260320","","","20260130;142229","20260130","20260130","SELL","-2","6969.25","-69692.5","33.76","-1.24"
"FUT","MESH6","","20260320","","1184431012","20260130;142229","20260130","20260130","SELL","-2","6969.25","-69692.5","33.76","-1.24"
"FUT","MESH6","","20260320","","","20260130;152623","20260130","20260130","SELL","-5","6949.25","-173731.25","-415.6","-3.1"
"FUT","MESH6","","20260320","","1184478389","20260130;152623","20260130","20260130","SELL","-5","6949.25","-173731.25","-415.6","-3.1"
"FUT","MESH6","","20260320","","","20260130;154006","20260130","20260130","SELL","-2","6953.75","-69537.5","-121.24","-1.24"
"FUT","MESH6","","20260320","","1184488961","20260130;154006","20260130","20260130","SELL","-2","6953.75","-69537.5","-121.24","-1.24"
"FUT","MESH6","","20260320","","","20260130;160014","20260130","20260130","SELL","-1","6970.75","-34853.75","24.38","-0.62"
"FUT","MESH6","","20260320","","1184508986","20260130;160014","20260130","20260130","SELL","-1","6970.75","-34853.75","24.38","-0.62"
"FUT","MESH6","","20260320","","","20260203;095509","20260203","20260203","SELL","-2","6994","-69940","521.26","-1.24"
"FUT","MESH6","","20260320","","1185476153","20260203;095509","20260203","20260203","SELL","-2","6994","-69940","521.26","-1.24"
"FUT","MESH6","","20260320","","","20260203;120520","20260203","20260203","SELL","-2","6948","-69480","61.26","-1.24"
"FUT","MESH6","","20260320","","1185629753","20260203;120520","20260203","20260203","SELL","-2","6948","-69480","61.26","-1.24"
"FUT","MESH6","","20260320","","","20260204;102750","20260204","20260204","SELL","-2","6946","-69460","396.26","-1.24"
"FUT","MESH6","","20260320","","1186142386","20260204;102750","20260204","20260204","SELL","-2","6946","-69460","396.26","-1.24"
"FUT","MESH6","","20260320","","","20260204;220047","20260205","20260205","SELL","-2","6899","-68990","781.26","-1.24"
"FUT","MESH6","","20260320","","1186560079","20260204;220047","20260205","20260205","SELL","-2","6899","-68990","781.26","-1.24"
"FUT","MESH6","","20260320","","","20260206;082013","20260206","20260206","SELL","-5","6860","-171500","-2321.85","-3.1"
"FUT","MESH6","","20260320","","1187455695","20260206;082013","20260206","20260206","SELL","-5","6860","-171500","-2321.85","-3.1"
"FUT","MESH6","","20260320","","","20260206;094500","20260206","20260206","SELL","-2","6898","-68980","-548.74","-1.24"
"FUT","MESH6","","20260320","","1187514174","20260206;094500","20260206","20260206","SELL","-2","6898","-68980","-548.74","-1.24"
"FUT","MESH6","","20260320","","","20260206;095437","20260206","20260206","SELL","-1","6896","-34480","-284.37","-0.62"
"FUT","MESH6","","20260320","","1187530692","20260206;095437","20260206","20260206","SELL","-1","6896","-34480","-284.37","-0.62"
"FUT","MESH6","","20260320","","","20260206;105922","20260206","20260206","SELL","-2","6900.75","-69007.5","-521.24","-1.24"
"FUT","MESH6","","20260320","","1187625818","20260206;105922","20260206","20260206","SELL","-2","6900.75","-69007.5","-521.24","-1.24"
"FUT","MESH6","","20260320","","","20260206;111801","20260206","20260206","SELL","-1","6910.5","-34552.5","-211.87","-0.62"
"FUT","MESH6","","20260320","","1187645212","20260206;111801","20260206","20260206","SELL","-1","6910.5","-34552.5","-211.87","-0.62"
"FUT","MESH6","","20260320","","","20260206;125104","20260206","20260206","SELL","-1","6931","-34655","-109.37","-0.62"
"FUT","MESH6","","20260320","","1187709211","20260206;125104","20260206","20260206","SELL","-1","6931","-34655","-109.37","-0.62"
"FUT","MESH6","","20260320","","","20260217;114533","20260217","20260217","SELL","-2","6853.25","-68532.5","-73.74","-1.24"
"FUT","MESH6","","20260320","","1190846671","20260217;114533","20260217","20260217","SELL","-2","6853.25","-68532.5","-73.74","-1.24"
"FUT","MESH6","","20260320","","","20260218;041232","20260218","20260218","SELL","-1","6898","-34490","18.13","-0.62"
"FUT","MESH6","","20260320","","1191083659","20260218;041232","20260218","20260218","SELL","-1","6898","-34490","18.13","-0.62"
"FUT","MESH6","","20260320","","","20260218;041232","20260218","20260218","SELL","-1","6898","-34490","18.13","-0.62"
"FUT","MESH6","","20260320","","1191083671","20260218;041232","20260218","20260218","SELL","-1","6898","-34490","18.13","-0.62"
"FUT","MESH6","","20260320","","","20260218;095618","20260218","20260218","SELL","-1","6892","-34460","-11.87","-0.62"
"FUT","MESH6","","20260320","","1191193597","20260218;095618","20260218","20260218","SELL","-1","6892","-34460","-11.87","-0.62"
"FUT","MESH6","","20260320","","","20260218;095806","20260218","20260218","SELL","-1","6895.5","-34477.5","5.63","-0.62"
"FUT","MESH6","","20260320","","1191196724","20260218;095806","20260218","20260218","SELL","-1","6895.5","-34477.5","5.63","-0.62"
"FUT","MESH6","","20260320","","","20260219;082523","20260219","20260219","SELL","-2","6868.5","-68685","-86.24","-1.24"
"FUT","MESH6","","20260320","","1191586581","20260219;082523","20260219","20260219","SELL","-2","6868.5","-68685","-86.24","-1.24"
"FUT","MESH6","","20260320","","","20260219;095625","20260219","20260219","SELL","-2","6888","-68880","108.76","-1.24"
"FUT","MESH6","","20260320","","1191654830","20260219;095625","20260219","20260219","SELL","-2","6888","-68880","108.76","-1.24"
"FUT","MESH6","","20260320","","","20260219;161214","20260219","20260219","SELL","-2","6877.75","-68777.5","6.26","-1.24"
"FUT","MESH6","","20260320","","1191908250","20260219;161214","20260219","20260219","SELL","-2","6877.75","-68777.5","6.26","-1.24"
"FUT","MESH6","","20260320","","","20260220;103537","20260220","20260220","SELL","-2","6889.25","-68892.5","-341.24","-1.24"
"FUT","MESH6","","20260320","","1192195509","20260220;103537","20260220","20260220","SELL","-2","6889.25","-68892.5","-341.24","-1.24"
"FUT","MESH6","","20260320","","","20260220;134246","20260220","20260220","SELL","-2","6915.75","-69157.5","-76.24","-1.24"
"FUT","MESH6","","20260320","","1192368522","20260220;134246","20260220","20260220","SELL","-1","6915.75","-34578.75","-38.12","-0.62"
"FUT","MESH6","","20260320","","1192368527","20260220;134246","20260220","20260220","SELL","-1","6915.75","-34578.75","-38.12","-0.62"
